{"cameraMode":{"drawMode":0,"name":"Shaded","section":"Shading Mode"},"sceneLighting":false,"audioPlay":false,"sceneViewState":{"showFog":true,"showMaterialUpdate":false,"showSkybox":false,"showFlares":true,"showImageEffects":true,"showParticleSystems":true},"in2DMode":false,"pivot":{"x":-10.929661750793457,"y":3.5350120067596437,"z":-12.856252670288086},"rotation":{"x":0.05792316049337387,"y":-0.3802766799926758,"z":-0.023871801793575288,"w":-0.9227542281150818},"size":1.0,"orthographic":false}