{"cameraMode":{"drawMode":0,"name":"Shaded","section":"Shading Mode"},"sceneLighting":true,"audioPlay":false,"sceneViewState":{"showFog":true,"showMaterialUpdate":false,"showSkybox":true,"showFlares":true,"showImageEffects":true,"showParticleSystems":true},"in2DMode":false,"pivot":{"x":-1.3234446048736573,"y":0.09796541929244995,"z":-4.865800857543945},"rotation":{"x":-0.010806425474584103,"y":0.026092685759067537,"z":-0.0002809440775308758,"w":-0.9996118545532227},"size":6.242218971252441,"orthographic":false}