{"cameraMode":{"drawMode":0,"name":"Shaded","section":"Shading Mode"},"sceneLighting":true,"audioPlay":false,"sceneViewState":{"showFog":true,"showMaterialUpdate":false,"showSkybox":true,"showFlares":true,"showImageEffects":true,"showParticleSystems":true},"in2DMode":false,"pivot":{"x":-0.05565236508846283,"y":-0.13052740693092347,"z":0.426658034324646},"rotation":{"x":-0.1586042046546936,"y":-0.020142313092947007,"z":0.0032357836607843639,"w":-0.9871354103088379},"size":1.657883882522583,"orthographic":false}