{"cameraMode":{"drawMode":0,"name":"Shaded","section":"Shading Mode"},"sceneLighting":true,"audioPlay":false,"sceneViewState":{"showFog":true,"showMaterialUpdate":false,"showSkybox":true,"showFlares":true,"showImageEffects":true,"showParticleSystems":true},"in2DMode":false,"pivot":{"x":14.87275505065918,"y":14.625961303710938,"z":-14.27928638458252},"rotation":{"x":0.01918693818151951,"y":0.015594183467328549,"z":0.0002986330655403435,"w":-0.9996979236602783},"size":13.97108268737793,"orthographic":false}